Kosakata,Makna,Mnemonik,Contoh_kalimat
aberrant,Abnormal; different from the accepted norm,A bear ant: Semut sebesar beruang itu jelas sangat abnormal.,The animal's aberrant behavior indicated it was sick.
abeyance,State of suspension; temporary inaction,Obey ants: Semua semut patuh (obey) untuk berhenti sejenak (inaction).,The project is being held in abeyance until funding is secured.
abscond,To sneak away,Absen konyol: Dia kabur diam-diam agar bisa memalsukan absen.,The cashier absconded with the money in the middle of the night.
abstemious,"Indicative of self-denial, particularly with food/drink","Abs demi us: Demi perut abs (sixpack), kita harus menahan nafsu makan.","She led an abstemious lifestyle, avoiding alcohol and rich foods."
abstruse,Difficult to comprehend,Abs terus: Menjelaskan cara mendapat abs terus-menerus kadang sulit dipahami.,The professor's lecture on quantum physics was too abstruse for the freshmen.
accessible,"Easy to understand, especially by a certain group",Akses: Sesuatu yang mudah diakses berarti mudah dimengerti/dijangkau.,The museum made its exhibits accessible to visually impaired visitors.
acquiescent,Agreeing without protest,Acquiesce = Quiet: Setuju dengan diam (quiet) dan tanpa protes.,The acquiescent employee never questioned the manager's unreasonable demands.
acrid,Bitter; harsh,Acid: Mirip asam (acid) yang rasanya pahit dan tajam.,The acrid smoke from the burning tires filled the air.
acrimonious,"Bitter in temper, manner, and speech",A crime: Sebuah kejahatan (crime) memicu perdebatan yang pahit dan kasar.,"The divorce was acrimonious, with both sides fighting over every asset."
acumen,Keenness; quickness of intellectual insight,IQ men: Pria dengan IQ tinggi memiliki kecerdasan dan ketajaman mental.,Her business acumen led the startup to massive success.
admonition,A gentle reproof,Add monitor: Menambah pengawasan sebagai bentuk teguran halus.,The teacher gave him a gentle admonition for speaking out of turn.
affect,(noun) Emotion that influences behavior,Efek: Emosi yang memberikan efek pada perilaku.,"The patient showed a flat affect, displaying no emotion at all."
affront,"To deliberately offend, as with a gesture",In front: Menghina seseorang langsung di depan wajahnya.,He took her refusal to shake his hand as a personal affront.
aggrandize,To widen in scope or make bigger or greater,Grand: Membuat sesuatu menjadi lebih grand (besar/agung).,The king built a massive palace to aggrandize his legacy.
aggregate,Amounting to a whole,"Agregat: Dalam sepak bola, skor agregat adalah jumlah total.",The aggregate score of the two games determined the champion.
allay,To reduce the intensity of,Alley: Bersembunyi di gang (alley) untuk meredakan ketakutan.,The mother tried to allay her child's fears of the dark.
amalgamate,To mix or blend together in a homogenous body,Amalgam: Campuran logam gigi; artinya mencampur/menggabungkan.,The two companies decided to amalgamate into one giant corporation.
ameliorate,To make better or improve,Amelia rate: Rating Amelia naik karena dia memperbaiki kinerjanya.,The government implemented policies to ameliorate poverty.
anachronous,Out of place in time,Ana + chrono: Chrono = waktu. Tidak sesuai dengan urutan waktu.,The modern wristwatch in the medieval movie was highly anachronous.
anecdote,A short account of an interesting incident,Anecdot: Cerita lucu/menarik (anekdot) singkat.,He told a funny anecdote about his first day at work.
archipelago,A large group of islands,Archi (utama) + pelago (laut): Kumpulan pulau-pulau besar.,Indonesia is the largest archipelago in the world.
articulate,"Well-spoken, eloquent",Artikel: Berbicara sejelas tulisan di sebuah artikel.,She is an articulate speaker who easily persuades her audience.
artifice,Cleverness or skill,Artificial: Sesuatu yang buatan memerlukan kelicikan/keterampilan untuk menipu.,The magician used clever artifice to deceive the audience.
artless,Without deceit or cunning; sincere,"Art (tipu daya) + less: Tanpa tipu daya, sangat tulus/polos.",Her artless charm made everyone instantly like her.
ascetic,Representative of severe self-denial,Aset: Meninggalkan semua aset duniawi untuk hidup sederhana/bertapa.,"The monk lived an ascetic life in the mountains, owning nothing."
assiduous,"Persistent, unceasing","Ass in dust: Bekerja keras sampai duduk di debu, sangat gigih/tekun.",The assiduous student studied every night to pass the medical exam.
astute,Keen; wise,A student: Siswa (student) terbaik biasanya sangat cerdas/tajam.,The astute detective quickly solved the complex mystery.
audacious,"Fearless, bold",Audi: Mengendarai mobil Audi dengan kecepatan tinggi butuh orang yang berani/nekat.,The climber made an audacious attempt to scale the peak without ropes.
augment,To increase in measure or intensity,Argumen: Berdebat membuat tensi meningkat.,He took a second job to augment his income.
austere,Unadorned; severely simple,Aussie tear: Pemandangan padang pasir Australia yang keras dan sangat sederhana.,The austere room contained only a bed and a simple wooden chair.
avarice,Extreme greed and hoarding,A virus: Keserakahan (greed) menyebar seperti virus.,The CEO's avarice led him to embezzle millions of dollars.
aver,To declare or profess,Verify: Menyatakan kebenaran (verify) dengan tegas.,The witness averred that she had seen the defendant at the scene.
banal,Trite; commonplace,Ban all: Melarang semua hal yang membosankan dan pasaran.,The pop song was criticized for its banal and repetitive lyrics.
base,Simple and boring,Basic: Sesuatu yang sangat dasar (rendahan/sederhana).,His base motives were driven entirely by greed.
belie,To present a false front,Be + lie: Menjadi pembohong (menutupi yang sebenarnya).,His calm smile belied the intense anger he felt inside.
beset,"To surround, as in an attack",Be set: Pasukan sudah diatur (set) untuk mengepung.,The expedition was beset by bad weather and illness.
blatant,"Very obvious, offensively loud",Blow tent: Angin meniup tenda dengan sangat jelas dan mencolok.,Taking credit for her colleague's work was a blatant lie.
bolster,To support; to reinforce,Bantal guling: Bolster dalam bahasa Inggris adalah bantal guling yang menopang kita.,She gathered more evidence to bolster her argument.
bombastic,Using inflated language; pompous,Bomb: Kata-katanya meledak-ledak seperti bom (muluk-muluk).,The politician's bombastic speech lacked real substance.
boon,A timely benefit; a blessing,Bonus: Mendapat berkah/keuntungan seperti bonus.,The rain was a great boon for the drought-stricken farmers.
brevity,Briefness or conciseness,Brief: Sesuatu yang sangat singkat.,The brevity of the meeting was appreciated by everyone.
browbeat,To intimidate in an overbearing manner,Brow (alis) + beat: Mengerutkan alis untuk mengintimidasi/menggertak.,The lawyer tried to browbeat the witness into changing her story.
bumptious,Offensively self-assertive; pushy,Bump: Suka menabrak (bump) orang lain karena terlalu sombong/memaksa.,The bumptious newcomer annoyed everyone with his endless bragging.
bungle,To perform clumsily or inadequately; botch,Bunglon: Bunglon yang salah warna berarti melakukan kesalahan bodoh/ceroboh.,The inexperienced robbers completely bungled the heist.
burgeon,To grow forth; to send out buds,Burger: Makan burger terus membuat perut berkembang/membesar.,The tech industry in the city began to burgeon in the late 90s.
cacophony,"A disagreeable, harsh, or discordant sound",Kakatua + phone: Suara burung kakatua di telepon sangat bising/sumbang.,The busy intersection produced a cacophony of honking horns.
callous,Insensitive; indifferent,Kapalan: Kulit yang kapalan (callus) menjadi mati rasa/tidak sensitif.,His callous remark about her failure made her cry.
calumniate,To make false and malicious statements about,Kolom niat: Menulis di kolom koran dengan niat memfitnah.,The political campaign was designed to calumniate the rival candidate.
candor,The quality of being open and sincere,Kendor: Urat tegangnya kendor karena dia berbicara dengan jujur/terbuka.,I appreciate your candor in delivering the bad news.
cantankerous,Bad-tempered and uncooperative,"Tank: Orang ini mudah meledak seperti tank, sangat suka marah.",The cantankerous old man yelled at the kids playing near his lawn.
carp,To complain unreasonably,Ikan karper: Ikan yang mulutnya selalu terbuka seolah mengeluh terus.,He is hard to please and will carp about the smallest flaws.
chaos,A state of disorder and confusion,Kekacauan: (Kata serapan) Keadaan yang sangat kacau balau.,The store was in complete chaos during the Black Friday sale.
chicanery,"Trickery, deception",Chicken: Pengecut yang menggunakan kelicikan/tipuan untuk menang.,The corrupt salesman used chicanery to sell broken cars.
churl,"A rude, boorish, or surly person",Curl: Orang berambut keriting yang kasar/tidak sopan (hanya asosiasi visual).,Don't be such a churl; say thank you when someone helps you.
coda,Concluding section of a musical/literary piece,Code: Menulis kode terakhir sebagai penutup program.,The movie's coda showed what happened to the characters ten years later.
codify,To assemble related laws or principles,Kode: Mengumpulkan aturan menjadi sebuah sistem kode.,The organization decided to codify its unwritten rules into a handbook.
cognizant,Aware; taking notice,Recognize: Seseorang yang bisa mengenali berarti dia sadar/paham.,We must be cognizant of the environmental impact of our actions.
cohort,A companion or associate,Co-host: Teman atau rekan kerja dalam satu grup.,The suspect and his cohorts were arrested by the police.
colloquial,Pertaining to common speech,Call lokal: Bahasa yang dipakai saat menelpon orang lokal (bahasa sehari-hari).,The essay was rejected because it used too much colloquial language.
commensurate,"Corresponding in amount, quality, or degree","Common measure: Ukuran yang sama, berarti sebanding/setimpal.",Your salary will be commensurate with your experience.
complacency,A feeling of quiet security; satisfaction,Complete: Merasa sudah lengkap sehingga menjadi terlalu puas diri.,The team's complacency after their first win cost them the championship.
conciliatory,A state of seeking to reconcile or make peace,Konsiliasi: Usaha untuk melakukan perdamaian.,He sent a box of chocolates as a conciliatory gesture after their fight.
concrete,"Actual, irrefutable","Konkret: Nyata, seperti beton (fakta keras).",We need concrete evidence before making an accusation.
confidante,One to whom secrets are confided,Confident: Orang yang membuat kita percaya diri untuk membagikan rahasia.,She told her deepest secrets to her trusted confidante.
congruous,Appropriate or fitting,"Kongruen: Dalam matematika, kongruen berarti sama dan sebangun/sesuai.",His stylish outfit was congruous with the elegant setting of the party.
consternation,Unsettling dismay or amazement,Monster nation: Negara diserang monster menimbulkan kepanikan luar biasa.,"To my consternation, I realized I had lost my passport at the airport."
consummate,To bring to completion,Consume mate: Menyelesaikan makanan teman sampai tuntas/sempurna.,He is a consummate professional who always delivers flawless work.
contentious,Quarrelsome,Contender: Penantang yang selalu suka berkelahi/berdebat.,Politics is a highly contentious topic at family dinners.
contrite,"Penitent, apologetic","Count right: Menghitung yang benar setelah sadar berbuat salah, merasa menyesal.",The contrite child apologized for breaking the vase.
contumacious,Rebellious,Continue macet: Terus membuat macet karena keras kepala/memberontak aturan.,The contumacious prisoner refused to follow the guard's orders.
cordial,Polite in a pleasant way,Sirup kordial: Rasanya manis dan ramah di tenggorokan.,"Despite their divorce, they maintain a cordial relationship."
corroborate,To make more certain; confirm,Co-robot: Robot lain datang untuk mengonfirmasi/mendukung temuan.,The security camera footage will corroborate my story.
countenance,"Appearance, especially the look of the face",Count ten: Hitung sampai sepuluh untuk menjaga ekspresi wajah agar tidak marah.,His calm countenance reassured the frightened passengers.
counter,To go against or attempt to undermine,Counter-attack: Serangan balik untuk melawan.,She proposed a new strategy to counter the competitor's move.
counterpart,A person or thing resembling another,Bagian lain: Pasangan atau rekan sejawat.,The CEO met with his European counterpart to discuss the merger.
craven,Cowardly,Cave in: Menyerah dan masuk gua karena pengecut.,Running away and leaving his friends behind was a craven act.
credulity,Willingness to behave or trust too readily,"Kredit: Memberi kredit (kepercayaan) terlalu mudah, sangat gampang ditipu.",The scammer preyed on the credulity of elderly victims.
cronyism,The practice of favoring one’s friends,Kronisme: Mengistimewakan kelompok/kroni (nepotisme teman).,The mayor was accused of cronyism for giving jobs to his unqualified friends.
curmudgeon,An ill-tempered person,Kurma john: Si John marah-marah terus karena kurmanya dicuri (pemarah).,The neighborhood curmudgeon hates when kids step on his grass.
cursory,"Hasty, superficial",Kursor: Menggerakkan kursor komputer dengan cepat dan sekilas saja.,She gave the document only a cursory glance before signing it.
dearth,An inadequate supply; scarcity; lack,Death earth: Bumi mati karena kekurangan air.,There is a dearth of affordable housing in the city.
debacle,A complete collapse or failure,"Di-bakar: Rencananya hangus dibakar, sebuah kegagalan total.",The poorly planned event turned into a complete debacle.
decorum,Orderliness and good taste in manners,Dekor: Mendekorasi ruangan agar terlihat sopan dan pantas.,He maintained perfect decorum during the solemn ceremony.
deferent,In a state of giving in out of respect,Defer: Menunda keputusan sendiri demi menghormati orang lain.,The young soldier was highly deferent to his commanding officer.
deleterious,"Hurtful, morally or physically",Delete: Virus yang menghapus data sangat merugikan/berbahaya.,Smoking has a highly deleterious effect on lung health.
delineate,To represent by sketch or precisely in words,Line (garis): Menggambar garis untuk menjelaskan secara rinci.,The map clearly delineates the border between the two countries.
depravity,The state of being morally bad or evil,Deprive: Dicabut moralnya sehingga menjadi jahat/korup.,The serial killer's depravity shocked the entire nation.
deride,To ridicule; to make fun of,Di-ride: Dinaiki/dijadikan kuda-kudaan sebagai bentuk ejekan.,The critics derided the film for its terrible acting.
derision,Ridicule,Deride (noun): Tindakan pengejekan.,His ridiculous proposal was met with derision from the board.
derivative,Something obtained/developed from a source,Derivatif: Kata turunan; sesuatu yang meniru/berasal dari sumber lain.,The artist's new album is highly derivative of 80s pop music.
desultory,Aimless; haphazard,"De-story: Cerita yang melompat-lompat, tidak terarah.","He made a desultory effort to clean his room, merely moving a few shirts."
diatribe,Bitter or malicious criticism,Die tribe: Mengancam sebuah suku mati lewat kritikan/kecaman tajam.,The coach launched into a bitter diatribe after the team's embarrassing loss.
didactic,For the purpose of teaching,Dikte: Mendikte seseorang karena niatnya menggurui/mengajar.,"The children's book has a didactic tone, teaching kids about morality."
diffidence,Lacking confidence,"Di + confidence: Dikurangi kepercayaannya, merasa ragu/malu-malu.",Her diffidence prevented her from speaking up in meetings.
dilatory,Causing delay,Delay story: Membuat cerita panjang lebar hanya untuk menunda-nunda.,The contractor's dilatory tactics delayed the project by months.
disconcert,To disturb the composure of,Dis-concert: Konser yang batal membuat penonton bingung/kacau.,The unexpected hard question disconcerted the confident interviewee.
discretion,Using one’s own judgment; being discreet,Diskresi: Kebebasan untuk menilai dan bertindak hati-hati.,Viewers are advised to use discretion due to the film's violence.
disingenuous,"Insincere, phony",Dis (tidak) + genuine (asli): Tidak asli alias tidak tulus/munafik.,His apology felt disingenuous since he kept repeating the same mistake.
disquiet,"Lack of calm, peace, or ease",Dis (tidak) + quiet (tenang): Perasaan gelisah/tidak tenang.,The sudden loud noise caused great disquiet among the crowd.
dissemble,To disguise or pretend,Dis-assemble: Membongkar wajah asli untuk berpura-pura.,She tried to dissemble her disappointment with a fake smile.
dissolution,Breaking up of a union of persons,"Dissolve: Gula larut/hancur di air, artinya pembubaran.",The dissolution of their business partnership was finalized in court.
dissonant,"Out of harmony, incongruous",Dis (tidak) + sonata (lagu): Musik yang sumbang/tidak harmonis.,The band played a dissonant chord that made the audience cringe.
divergent,Deviating from a certain course,Divergen: Bergerak ke arah yang berbeda (menyimpang).,The two scientists had divergent theories about the origin of the universe.
divest,To strip; to deprive,"Di-vest: Melepaskan rompi (vest), artinya mencabut hak/harta.",The company decided to divest its underperforming assets.
divulge,To tell or make known secret,Di-vulgar: Membuat rahasia menjadi vulgar/umum (membocorkan).,The journalist refused to divulge the name of her secret source.
doctrinaire,Fanatical about enforcing a certain principle,Doktrin: Orang yang memaksakan doktrin/teori tanpa melihat realita.,"The doctrinaire manager refused to change the rules, even when they failed."
dogmatic,Forceful and unwavering,Dogma: Percaya buta pada dogma secara kaku dan mutlak.,She is so dogmatic that she refuses to listen to any other opinions.
doldrums,A state of inactivity or low spirits,"Dull drums: Bermain drum dengan bosan, sedang dalam kelesuan/kesedihan.",The economy is stuck in the doldrums with no growth in sight.
dubious,Doubtful,Doubt: Sangat meragukan.,I am very dubious about his promise to pay me back tomorrow.
dupe,Someone who’s easily fooled; to fool someone,Duplikat: Diberi barang duplikat sehingga dia tertipu.,The salesman duped the elderly couple into buying a useless product.
duplicity,Deceitfulness,"Duplicate face: Orang bermuka dua, penuh kelicikan/penipuan.",Her duplicity was exposed when her emails to the rival company were found.
ebullient,Showing great enthusiasm or exhilaration,Red Bull: Minum Red Bull membuatnya sangat antusias/bersemangat.,The ebullient fans cheered loudly when their team scored the winning goal.
eclectic,Drawn from multiple sources or styles,Koleksi: Mengoleksi dari berbagai macam sumber/gaya.,"His music taste is eclectic, ranging from jazz to heavy metal."
efficacious,Capable of producing the intended result,Efektif: Sesuatu yang manjur/mujarab.,The new vaccine is highly efficacious in preventing the disease.
efficacy,Power to produce an intended effect,Efektivitas: Kemanjuran.,The researchers are conducting trials to test the efficacy of the new drug.
effrontery,Shameless boldness; impudence,In front: Melakukan hal memalukan di depan (in front) umum karena bermuka badak.,He had the effrontery to ask for a raise after arriving late every day.
egregious,Seriously bad or wrong,Egg regions: Melempar telur ke satu daerah karena kesalahan yang sangat parah.,The article was pulled because of an egregious error in the first paragraph.
egress,Exit,Ex + progress: Bergerak keluar (pintu keluar).,"The emergency egress was blocked by boxes, violating fire codes."
elegy,A poem lamenting the dead,"Allergy: Alergi parah sampai meninggal, lalu dibuatkan puisi kematian/ratapan.",The poet wrote a beautiful elegy for his late mother.
elicit,To extract (information/reaction),Explicit: Memancing agar informasi keluar secara eksplisit (memancing respons).,The detective tried to elicit a confession from the suspect.
elitism,Pride in belonging to a select group,Elit: Merasa dari golongan elit.,The private club was criticized for its rampant elitism.
embellish,To beautify or enhance,Bell: Menempelkan lonceng agar terlihat lebih indah/berhias.,He likes to embellish his fishing stories to make them sound more exciting.
empirical,Proven by observed occurrence or existence,Empire: Kerajaan dibangun berdasarkan bukti nyata (empiris/terbukti).,"We need empirical evidence, not just theories, to prove this claim."
emulate,Imitate,"Emulator: Software peniru, artinya meniru untuk menyamai.",The young writer tried to emulate the style of Hemingway.
endemic,Characteristic of a specific place or culture,Endemi: Penyakit/hal yang khas di daerah tertentu.,Malaria is endemic in certain tropical regions.
enervate,To weaken,"Energy vaporate: Energinya menguap, sehingga dia melemah.","The hot sun enervated the hikers, forcing them to rest frequently."
engender,To produce or to make something come into existence,"Gender: Melahirkan gender baru, artinya menimbulkan/menghasilkan.",The leader's inspiring speech engendered a sense of hope in the crowd.
enigmatic,"Mysterious, perplexing","Enigma: Mesin sandi perang dunia, sangat penuh misteri.",Mona Lisa's enigmatic smile has fascinated art lovers for centuries.
ennui,Boredom,Annoy: Sangat mengganggu (annoying) sampai menimbulkan kebosanan luar biasa (kebosanan akut).,"The wealthy heir suffered from ennui, finding no joy in his endless free time."
ephemeral,Short-lived; fleeting,Fame: Kepopuleran (fame) itu hanya sesaat/tidak abadi.,"The beauty of a rainbow is ephemeral, lasting only a few minutes."
equable,Free from many changes or variations,"Equal: Selalu sama/setara, karakternya tenang dan stabil.","Despite the crisis, she maintained an equable temper."
equanimity,Evenness of mind or temper,"Equal mind: Pikiran yang seimbang, penuh ketenangan batin.",He handled the stressful situation with impressive equanimity.
equivocal,Ambiguous,Equal vocal: Dua suara (vocal) berbicara bersamaan jadi terdengar ambigu/bermakna ganda.,The politician gave an equivocal answer to avoid taking a clear stance.
equivocate,To use ambiguous expressions to mislead,Vocal: Berbicara secara ambigu/berkelit.,"When asked about his taxes, the businessman began to equivocate."
eradicate,To destroy completely,Erase: Menghapus sampai bersih (membasmi tuntas).,The organization's goal is to completely eradicate polio.
erudite,Very well-educated,Educated: Terdengar seperti orang yang sangat terpelajar/berilmu.,The erudite professor could speak passionately on almost any historical subject.
eschew,"To keep clear of, avoid","Ah-choo!: Mendengar orang bersin, kita langsung menghindar/menjauh.","For health reasons, she decided to eschew all processed foods."
esoteric,Hard to understand; known only by a few,Isolasi: Hanya dipahami oleh kelompok yang terisolasi (sulit dipahami umum).,The book is filled with esoteric knowledge that only a few scholars understand.
euphemism,A nice way of saying something unpleasant,Eufemisme: Penghalusan bahasa.,"""Passed away"" is a common euphemism for ""died."""
exacerbate,To make sharper or more severe; to make worse,Extra bad: Membuat situasi menjadi ekstra buruk (memperparah).,Scratching the mosquito bite will only exacerbate the itching.
exculpate,To free from blame,Ex (keluar) + culprit (tersangka): Mengeluarkan dari status tersangka (membebaskan dari tuduhan).,DNA evidence was used to exculpate the wrongly convicted man.
exigency,Urgent situation,Exit agency: Biro pintu darurat untuk keadaan mendesak.,The exigency of the situation requires immediate action.
expatiate,To speak or write at some length,"Expand: Memperluas cerita, berbicara panjang lebar.",The professor expatiated on the causes of the French Revolution for hours.
expiation,The means by which atonement is made,Ex-pirate: Mantan bajak laut melakukan penebusan dosa.,He donated money to charity as an act of expiation for his past sins.
extenuating,Explaining/justifying to lessen seriousness,Ten: Turun dari hukuman berat ke level sepuluh (ten) karena alasan meringankan.,The judge gave him a lighter sentence due to extenuating circumstances.
extirpate,To root out; to eradicate,Ex + terminate: Menyingkirkan akar-akarnya (membasmi tuntas).,The farmers tried to extirpate the invasive weeds from their fields.
extrapolation,To infer an unknown from something known,Ekstrapolasi: Menarik kesimpulan dari tren yang ada.,The prediction was made based on the extrapolation of current market trends.
facetious,Not intended to be taken seriously,"Face: Wajah bercanda, tidak serius/main-main.",I was just being facetious when I said I would eat a hundred burgers.
facilitate,To make easier,Fasilitas: Memberikan fasilitas untuk memudahkan.,The new software will facilitate faster communication between departments.
fallacious,Illogical,False: Sesuatu yang salah/sesat.,The argument is based on a fallacious assumption.
fatuous,Idiotic,"Fat head: Berotak tumpul, sangat bodoh/konyol.",Buying a car you cannot afford is a fatuous financial decision.
felicitous,Appropriate or suitable,Felicities (kebahagiaan): Pilihan kata yang tepat sehingga membahagiakan/sangat pas.,The warm weather was a felicitous coincidence for their outdoor wedding.
ferret out,"To track down, discover",Musang (ferret): Musang ahli menggali untuk melacak/menemukan.,The investigative journalist managed to ferret out the truth.
fervor,Ardor or intensity of feeling,"Fever: Panas seperti demam, menunjukkan semangat menyala-nyala.",The activists protested with great fervor and passion.
fledgling,Inexperienced,"Fledge: Burung yang baru belajar terbang, masih pemula.",The fledgling company is still trying to secure its first major client.
foment,To instigate or encourage negative behavior,"Foam: Menambahkan busa pada api agar meledak, menghasut.",The rebels used social media to foment a revolution.
forestall,To prevent by taking action in advance,Fore (sebelum) + stall: Menghentikan sebelum terjadi (mencegah).,"To forestall a strike, the management agreed to raise wages."
fortification,The act of strengthening,Fort: Membangun benteng (fort) untuk perkuatan.,The ancient city's fortification prevented the enemy from invading.
frugal,Thrifty,Free gal: Gadis yang suka barang gratisan karena hemat/irit.,"By being frugal, they managed to save enough money for a house."
fulminate,To cause to explode; to detonate,Full mine: Tambang penuh bahan peledak yang siap meledak/mengecam keras.,The angry customer fulminated against the terrible service.
fumble,To feel or grope about clumsily,Tumble: Jatuh tersandung lalu meraba-raba dengan canggung.,He fumbled in his pockets trying to find his keys in the dark.
gaffe,A social blunder; faux pas,Laugh: Diketawakan (laugh) karena melakukan kesalahan bodoh/memalukan.,The politician committed a major gaffe by forgetting the name of the prime minister.
gainsay,To contradict or oppose,Against + say: Berbicara melawan (menyangkal/membantah).,No one can gainsay the fact that she is the best player on the team.
garrulous,Prone to trivial talking,Gary rules: Si Gary banyak bicara kalau soal aturan (cerewet).,The garrulous passenger next to me talked for the entire flight.
generosity,The state of giving freely,Generous: Sikap kedermawanan.,His generosity helped build the new children's hospital.
germane,Relevant,"German: Membahas mobil, sebut mobil Jerman karena sangat relevan.",Please keep your comments germane to the topic we are discussing.
goad,To urge on,"Goat: Mendorong kambing (goat) agar jalan, memprovokasi/mendesak.",His friends goaded him into jumping into the freezing lake.
grandiloquent,Speaking in a lofty style,Grand + eloquent: Berbicara dengan gaya terlalu agung (muluk-muluk).,His grandiloquent speech sounded impressive but lacked practical solutions.
grandstand,To conduct oneself showily,Grand stand: Berdiri di panggung utama untuk pamer/mencari perhatian.,The lawyer tends to grandstand for the cameras rather than focus on the trial.
gregarious,Sociable; outgoing,Greg: Si Greg sangat suka bergaul (suka berteman/sosial).,The gregarious host made sure every guest at the party felt welcome.
grouse,To complain or grumble,Gross: Menganggap sesuatu gross (menjijikkan) lalu menggerutu/mengeluh.,The employees constantly grouse about the terrible coffee in the breakroom.
guileless,Without deceit,"Guile (kelicikan) + less: Tanpa kelicikan, sangat polos/jujur.",The guileless child honestly answered every question the stranger asked.
gullible,Easily deceived,Gull: Burung camar yang gampang ditangkap (mudah ditipu).,The gullible tourist paid ten times the actual price for a cheap souvenir.
halcyon,Calm,"Helikopter turun: Setelah helikopter turun, suasana kembali tenang dan damai.",She often reminisces about the halcyon days of her youth.
haphazard,Lack of order or planning,Happen + hazard: Terjadi sembarangan membawa bahaya (serampangan).,"The books were stacked in a haphazard manner, ready to fall over at any moment."
harangue,A tirade,Anger: Berpidato panjang lebar dengan nada marah (pidato kecaman).,The angry boss delivered a 20-minute harangue about being on time.
harbinger,An omen; makes known the coming of something,Bringer: Pembawa berita/pertanda (pertanda awal).,The first dropping leaves are a harbinger of autumn.
hedge,A barrier; preventing complete loss,Pagar tanaman: Melindungi nilai investasi (lindung nilai).,He decided to hedge his bets by investing in multiple companies.
heresy,Opinion subversive of accepted beliefs,Here say: Mengatakan sesuatu di luar kitab suci (ajaran sesat/bidah).,Claiming that the Earth revolves around the Sun was once considered heresy.
homogeneous,Of the same kind,Homo (sama): Berjenis sama/seragam.,The classroom is not homogeneous; the students come from diverse backgrounds.
hyperbole,Exaggeration or overstatement,Hiperbola: Majas melebih-lebihkan.,"Saying you are ""so hungry you could eat a horse"" is a classic hyperbole."
iconoclast,A person who attacks accepted beliefs,Icon + clash: Menghancurkan (clash) ikon/tradisi (penentang tradisi).,"As an iconoclast, the comedian constantly mocked sacred traditions."
ignominious,"Shameful, disgraceful",Ignore us: Kita diabaikan karena perbuatan kita memalukan/hina.,The general suffered an ignominious defeat and was stripped of his rank.
imbroglio,"Entanglement, as in a situation","In broil: Berada dalam air mendidih, situasi yang rumit/kacau.","The prime minister survived the political imbroglio, but his reputation was ruined."
immense,Very large,Immense: Sangat besar.,The billionaire lives in an immense mansion with fifty rooms.
impartial,"Objective, open-minded",Im (tidak) + partial (memihak): Tidak memihak/adil.,A judge must remain impartial and only listen to the facts.
impecunious,Having no money; broke,Im (tidak) + coin: Tidak punya koin (miskin/bokek).,The impecunious artist struggled to pay his rent every month.
impede,To hinder; to block,Im (tidak) + ped (kaki): Menahan langkah kaki (menghambat).,The heavy snow will impede our progress on the road.
impenitent,Not feeling regret about one’s sins,Im (tidak) + penitent (menyesal): Tidak menyesal.,The impenitent thief showed no remorse during the trial.
imperious,"Domineering, overbearing; urgent",Emperor: Bertingkah layaknya kaisar yang suka memerintah/sombong.,The imperious boss ordered everyone to work over the weekend without pay.
imperturbable,Calm,"Im (tidak) + perturb (ganggu): Tidak bisa diganggu, sangat tenang.","Despite the chaotic emergency room, the head nurse remained imperturbable."
impervious,Impenetrable,Im (tidak) + pierce: Tidak bisa ditembus (kebal/kedap).,The new waterproof jacket is impervious to rain.
impetuous,Impulsive,Pet: Bertindak seperti hewan peliharaan yang impulsif/gegabah.,His impetuous decision to quit his job left him struggling to pay bills.
implicit,Implied,Implisit: Tersirat.,There was an implicit agreement that she would inherit the family business.
importune,To harass with persistent demands,Import: Meminta barang impor terus-menerus (mendesak secara mengganggu).,The charity workers importune people on the street for donations.
impugn,To challenge as false with arguments,Pug (anjing): Anjing pug menggonggong untuk menentang/membantah.,The lawyer tried to impugn the witness's credibility by bringing up his past crimes.
inadvertently,Unintentionally,"In + advert: Tidak melihat iklan tersebut, terlewat secara tidak sengaja.",I inadvertently deleted the important file while cleaning up my desktop.
inane,Stupid or idiotic,"Insane: Kurang huruf 's', idenya konyol dan bodoh/hampa.",We wasted an hour arguing over an inane topic.
incensed,Angered,"Incense (dupa): Terbakar seperti dupa, sangat marah.",The incensed customer demanded to speak to the manager immediately.
inchoate,"Recently begun, not fully developed","Inch: Baru berkembang satu inci, baru mulai/belum sempurna.",The startup’s business plan was still in an inchoate stage.
inconstant,Changeable; fickle; variable,Tidak konstan: Berubah-ubah/plin-plan.,His inconstant loyalty made it hard for anyone to trust him.
indigenous,Originating in a particular place,"Indian: Penduduk asli Amerika, artinya asli/pribumi.",The kangaroo is indigenous to Australia.
indigent,Lacking necessities,India gent: Pria miskin di pinggir jalan India (miskin/melarat).,The clinic provides free medical care for indigent patients.
indolence,Laziness,Indo + lens: Seharian cuma lihat lensa (HP/TV) karena malas.,"His failure in school was due to sheer indolence, not a lack of intelligence."
ineffable,Incapable of being expressed in words,In (tidak) + fable (cerita): Tidak bisa diceritakan (tak terlukiskan dengan kata).,The stunning sunset over the ocean was of ineffable beauty.
inert,Inactive; lacking power to move,"Gas lembam: Gas inert dalam kimia tidak bereaksi, tidak aktif.","The medicine makes him completely inert, barely able to lift his arm."
inexorable,Not subject to change; not able to be persuaded,In + exhaust: Tenaganya tidak habis-habis menolak kita (tidak bisa diubah/tak terhentikan).,The inexorable rise of technology is changing the job market completely.
ingenuous,"Innocent, sincere","Genuine: Sangat tulus, lugu, dan polos.",Her ingenuous apology touched everyone's heart.
ingratiating,"Charming, agreeable",Gratitude: Mengambil hati dengan berpura-pura baik (menjilat/mencari muka).,"He flashed an ingratiating smile, hoping the teacher would extend the deadline."
innocuous,Harmless,Innocent: Sesuatu yang polos dan tidak berbahaya.,Most spider bites are completely innocuous and cause no harm.
insensible,Incapable of perceiving or feeling,"In + sense: Tidak punya indera perasa, mati rasa/tidak peka.",The boxer was knocked insensible by the powerful punch.
insinuate,To suggest or hint slyly,In (dalam) + sin (dosa): Menuduh berdosa secara diam-diam (menyindir/mengisyaratkan).,Are you trying to insinuate that I stole the money?
insipid,Bland,"Sip: Sedotan (sip) teh ini rasanya hambar, tidak ada rasanya.",The hospital food was incredibly insipid and tasteless.
insouciant,Free from worry or concern; carefree,"In + social: Tidak peduli norma sosial, sangat santai/tanpa beban.",She walked into the highly stressful interview with an insouciant attitude.
intimation,Something indicated or made known indirectly,Intimate: Memberi kode rahasia pada teman dekat (isyarat/petunjuk halus).,He received no intimation that he was about to be fired.
intrepid,Fearless and bold,In (tidak) + trap: Tidak takut masuk perangkap (sangat berani).,The intrepid explorer ventured deep into the uncharted jungle.
inure,To harden or toughen by use/exposure,"In + your: Sudah biasa di kulitmu (your), jadi terbiasa/kebal (pada hal buruk).",Years of working in the freezing meat locker had inured him to the cold.
invidious,Showing or feeling envy,Envy: Menyebabkan rasa iri/kebencian.,The manager's invidious comparisons caused resentment among the staff.
irascible,Easily angered,Erase: Ingin menghapus (memukul) orang karena mudah marah.,My grandfather is an irascible old man who complains about everything.
ironic,Convey the opposite of an expression’s literal meaning,Ironi: Hal yang berkebalikan dari yang diharapkan.,It is ironic that the fire station burned down.
itinerant,Travelling from place to place,Itinerary: Orang yang jadwal turnya pindah-pindah (nomaden/berkeliling).,The itinerant musician traveled from city to city playing in local bars.
jingoism,Professing patriotism loudly and excessively,Jingle: Menyanyikan jingle negara secara ekstrem (nasionalisme berlebihan).,The politician's speech was full of dangerous jingoism and threats of war.
killjoy,A person who spoils the joy,Kill joy: Perusak suasana/kegembiraan.,Don't be such a killjoy; let them play the music a little longer.
laconic,Brief and to the point; concise,"Lack (kurang): Kurang kata-kata, berbicara singkat/padat.","The cowboy's laconic reply of ""Nope"" told them everything they needed to know."
lampoon,To make fun of; mock,Baboon: Menyindir orang mirip babun (mengejek melalui tulisan/karikatur).,The comedy show is known for its hilarious lampoons of famous politicians.
latent,Dormant,"Laten: Bahaya laten, ada tapi tersembunyi (terpendam/belum aktif).",The virus can remain latent in the body for years before symptoms appear.
laud,To praise,Loud: Memuji dengan suara keras (loud) (memuji).,The mayor lauded the brave firefighters for their quick response.
laudable,Praiseworthy,Laud + able: Patut dipuji.,Her dedication to helping the homeless is truly laudable.
licentious,Unrestrained by laws or rules (sexually),License: Menganggap punya lisensi untuk melanggar aturan moral (amoral/bebas).,The strict religious community condemned his licentious lifestyle.
liken,To represent as similar,Like: Menyamakan seperti (like) sesuatu (membandingkan/menyamakan).,Critics often liken her writing style to that of Jane Austen.
loquacious,Talkative,Lokal: Orang lokal yang suka ngobrol (sangat cerewet).,The loquacious barber kept me entertained with stories during the entire haircut.
lucid,Easily understood; clear,Lucid dream: Mimpi yang sangat jelas dan jernih.,"Despite his fever, the patient remained perfectly lucid and able to answer questions."
lugubrious,"Gloomy, depressing","Lugu + baring: Terbaring karena menangis, sangat muram/menyedihkan.",The cello played a lugubrious melody that made everyone feel sad.
magnanimity,Generosity,Manga (besar): Berhati besar (kedermawanan/kemuliaan hati).,She displayed great magnanimity by forgiving the friend who betrayed her.
malingerer,One who feigns illness to escape duty,Maling: Pura-pura sakit seperti maling yang tertangkap (pura-pura sakit menghindari kerja).,The boss suspects that John is a malingerer who uses all his sick days to play video games.
malleable,Pliant; able to be reshaped,Mal (cetakan): Mudah dimasukkan ke cetakan (mudah dibentuk/diubah).,Gold is a highly malleable metal that can be shaped easily.
masticate,To chew or reduce to a pulp,Masuk + gigi: Mengunyah makanan masuk ke gigi (mengunyah).,You should masticate your food thoroughly before swallowing to aid digestion.
maverick,Rebel; nonconformist,Film Top Gun (Maverick): Pilot yang selalu melanggar aturan (pemberontak/independen).,The young director is a maverick who refuses to follow Hollywood rules.
mealymouthed,"Insincere, deceitful",Mili mulut: Mulutnya komat-kamit tapi bohong (tidak terus terang/berbelit-belit).,"The mealymouthed politician refused to give a straight ""yes"" or ""no"" answer."
mediocrity,Barely adequate,Medium: Kualitas menengah ke bawah (biasa-biasa saja).,"The movie was a masterpiece of mediocrity, completely forgettable."
mendacious,"Untruthful, deceitful",Mend: Memperbaiki (mend) cerita untuk menutupi kebohongan (suka berbohong).,The mendacious tabloid fabricated the entire scandal.
mendicant,A beggar,Mend (memperbaiki): Meminta uang untuk memperbaiki hidup (pengemis).,The barefoot mendicant asked passersby for spare change.
metamorphosis,Change of form,Metamorfosis: Perubahan bentuk/wujud.,The caterpillar's metamorphosis into a butterfly is a miracle of nature.
meticulous,Very thorough and precise,Medis: Dokter bekerja secara medis yang sangat teliti dan hati-hati.,The watchmaker was extremely meticulous in placing the tiny gears.
misanthrope,One who hates people,Miss + antropologi: Benci belajar ilmu manusia karena membenci umat manusia.,The grumpy neighbor is a misanthrope who refuses to speak to anyone.
mitigate,To lessen in intensity,Mitigasi: Meringankan/mengurangi dampak.,Planting trees can help mitigate the effects of climate change.
modicum,A small amount,Modem: Alat kecil yang memberi sinyal (jumlah yang sangat sedikit).,The angry mob didn't show even a modicum of restraint.
mollify,To soothe,Molly (boneka): Memberi boneka untuk menenangkan/meredakan amarah.,The airline offered free vouchers to mollify the angry passengers.
morbidity,Related to illness or disease,Morbid: Tingkat penyakit/kesakitan.,The morbidity rate of the disease drops significantly with early treatment.
mordant,Sarcastic; harsh,More dent: Kata-katanya bikin penyok (dent) mental karena sangat tajam/sarkastis.,The critic's mordant review completely destroyed the actor's confidence.
moribund,Near death or extinction,Mati buntung: Hampir mati/kiamat (sekarat/mendekati kematian).,The moribund company hasn't released a new product in a decade.
morose,Ill-humored; sullen,"No rose: Tidak dikasih mawar saat valentine, jadi murung/cemberut.","After losing his job, he became quiet and morose."
mundane,Ordinary; dull,Monday: Hari Senin yang rutinitasnya membosankan dan biasa-biasa saja.,Paying bills and doing laundry are the mundane tasks of adult life.
myopic,Shortsighted or narrow-minded,Miopi: Rabun jauh; pandangan sempit/picik.,Focusing only on short-term profits is a myopic business strategy.
narcissism,Excessive fascination with oneself,Narsis: Cinta pada diri sendiri berlebihan.,His narcissism made it impossible for him to care about anyone else's feelings.
nefarious,Extremely wicked,Neraka: Jahatnya sampai pantas masuk neraka (sangat jahat/keji).,The villain's nefarious plot was finally stopped by the hero.
negate,To cancel out; nullify,Negatif: Membuat jadi nol (meniadakan/membatalkan).,Drinking alcohol can negate the positive effects of the medication.
neophyte,Beginner,Neo (baru): Pelaku baru (pemula).,"As a neophyte in the kitchen, he struggled just to boil water."
nepotism,Favoritism of family,Nepotisme: Mengistimewakan kerabat/keluarga.,The CEO was accused of nepotism when he hired his inexperienced son as VP.
obdurate,Stubborn,Obstacle: Menjadi penghalang yang keras kepala (bandel/keras kepala).,"Despite our pleas, the obdurate landlord refused to lower the rent."
obfuscate,To darken or conceal,Ob (penghalang) + focus: Menghalangi fokus menjadi buram (membingungkan/mengaburkan).,The lawyer used complex legal jargon to obfuscate the truth.
obsequious,Servile; ready to serve,Obsesi: Terobsesi untuk melayani/menjilat majikan (menjilat/terlalu patuh).,The obsequious waiter kept bowing and overly complimenting the rich guests.
obviate,To make unnecessary,Obvious: Sangat jelas sehingga bantuan tidak lagi diperlukan/bisa dihindari.,The new tunnel will obviate the need for drivers to cross the dangerous mountain pass.
odious,Hateful,Odor: Baunya sangat busuk dan menjijikkan/dibenci.,Slavery is an odious practice that has scarred human history.
officious,Aggressively authoritative in offering help,Office (kantor): Pegawai kantor yang sok sibuk dan suka ikut campur hal sepele.,The officious security guard demanded to check everyone's badges twice.
onus,Burden,On us: Beban ini ada pada kita (on us) (tanggung jawab/beban).,The onus is on the prosecution to prove the defendant's guilt.
opprobrium,Infamy that results from shameful behavior,Oppo (lawan): Mendapat celaan keras dari lawan (rasa malu/kehinaan).,The politician faced public opprobrium after the corruption scandal broke.
oscillate,To waver or switch between positions,Osilasi: Mengayun ke kiri dan kanan (bimbang/berayun).,The fan oscillates to cool the entire room.
ostentation,A display of vanity; showiness,Tenda (tent): Pamer tenda mewah di kemah (pamer/sombong).,The billionaire's golden toilet was a ridiculous display of ostentation.
painstaking,Very careful and diligent,Takes pain: Rela bersusah payah (sangat teliti dan hati-hati).,The restoration of the ancient painting was a painstaking process.
palpable,"Readily seen, heard, or perceived",Palpasi (meraba): Bisa dirasakan/diraba (sangat nyata/terasa).,The tension in the room was so thick it was almost palpable.
panache,A grand or flamboyant manner or style,Panache (bulu topi): Gaya flamboyan yang keren/bergaya.,He wore the bright pink suit with absolute panache.
parable,A short story designed to teach a lesson,Parabola: Memantulkan pesan moral lewat cerita perumpamaan.,The pastor told a parable about a lost sheep to illustrate forgiveness.
paragon,Model of perfection,Polygon: Sepeda polygon itu model kesempurnaan.,She was considered a paragon of virtue in her community.
parsimonious,Stingy,Parsel: Mengirim parsel isinya sedikit karena pelit.,The parsimonious boss refused to buy new chairs for his uncomfortable employees.
partisan,One-sided; committed to one party,Partai: Pendukung kuat sebuah partai (memihak/fanatik).,"The news channel has a highly partisan bias, favoring only one political party."
pathos,Quality that rouses emotion/sympathy,Pathetis (menyedihkan): Menimbulkan rasa iba/simpati.,The actor delivered his final lines with an incredible amount of pathos.
paucity,"Scarcity, insufficiency",Poor city: Kota miskin yang kekurangan/langka sumber daya.,There is a paucity of evidence to support this absurd theory.
pejorative,Disparaging or derogatory effect,Pijar: Menyorot kelemahan orang (merendahkan/menghina).,"He used the word ""amateur"" in a pejorative sense to insult her work."
penchant,Strong inclination,Enchant: Terpesona sehingga punya kecenderungan/kesukaan kuat.,She has a penchant for adopting stray animals.
penurious,Extremely stingy,Penny: Menyimpan setiap uang receh (penny) karena sangat pelit/miskin.,The penurious old man lived in poverty despite having millions in the bank.
perennial,Something long-lasting,Per-annual (tahun): Bertahan bertahun-tahun (abadi/sepanjang tahun).,The lack of funding is a perennial problem for public schools.
perfidy,"Treachery, betrayal",Perforasi: Menusuk dari belakang (pengkhianatan).,The spy was executed for his perfidy against the state.
permeable,Penetrable; porous,Permeabel: Dapat ditembus oleh cairan/gas.,"The fabric is highly permeable, allowing sweat to evaporate quickly."
pernicious,Tending to kill or hurt,Racun (poisonous): Sangat berbahaya/mematikan diam-diam.,The pernicious rumors slowly destroyed her reputation.
pervasive,Spread throughout,Invasi: Menginvasi seluruh wilayah (menyebar luas).,The smell of garlic was pervasive throughout the entire restaurant.
phlegmatic,Slow moving; not easily roused to feeling,Dahak (phlegm): Orang yang menumpuk dahak/lesu (tenang/tidak mudah emosi/lamban).,"Even during the earthquake, the phlegmatic teacher calmly instructed the students."
pious,Religious,Paus (Pope): Mengikuti Paus karena sangat saleh/agamis.,The pious woman went to church every single morning.
placate,To soothe; calm one,Plakat: Memberi plakat penghargaan untuk menenangkan hati.,I tried to placate the crying baby by giving him a pacifier.
placid,Peaceful,Danau: Permukaannya halus/rata (tenang/damai).,The placid lake perfectly mirrored the mountains above.
platitude,Trite or commonplace statement,Flat attitude: Sikap datar saat mendengar perkataan basi/klise.,The speech was full of empty platitudes but offered no real solutions.
plethora,Excess; abundance,Pluto: Jauh di planet Pluto saking berlebih/melimpahnya.,The menu offers a plethora of options for vegetarians.
plumb,To make vertical; reach deepest point,Plumber (tukang ledeng): Mengebor sampai titik paling dalam/tegak lurus.,It is difficult to plumb the depths of the ocean without advanced technology.
polarize,Divide into opposing factions,Kutub (Polar): Membelah masyarakat jadi dua kutub (memecah belah).,The controversial issue continues to polarize the nation.
pompous,Ostentatiously lofty or arrogant,Pompa: Terpompa egonya (sombong/muluk-muluk).,The pompous author loved to talk about his own brilliance.
ponder,To consider thoroughly,Pond (kolam): Menatap kolam sambil merenungkan sesuatu.,She sat by the window to ponder her future career choices.
ponderous,"Massive, awkward, unwieldy",Pond (berat): Sangat berat sehingga lamban dan kaku.,The elephant's ponderous footsteps shook the ground.
pontificate,Express opinion in annoying fashion,Paus (Pontiff): Berbicara sok suci/sok tahu (menggurui dengan congkak).,The amateur critic loves to pontificate about wine despite knowing nothing about it.
porous,"Full of holes; spongy, absorbent",Pori-pori: Penuh pori-pori/lubang (berpori/tembus air).,The porous sponge soaked up all the spilled water instantly.
portend,Foretell,Portal: Membuka portal masa depan untuk meramalkan/menandakan.,"The dark, heavy clouds portend a severe storm."
poseur,Person attempting to impress by assuming manner,"Pose: Berpose pamer, seorang penipu/orang sok.",He's just a poseur who wears expensive rock band t-shirts but doesn't know any of their songs.
pragmatic,Practical,Praktis: Berpikir praktis/masuk akal.,"We need a pragmatic solution, not an idealistic dream that will cost millions."
precarious,"Hazardous, perilous","Pre-care: Sebelum dirawat, kondisinya kritis/berbahaya/tidak stabil.","The ladder was in a precarious position, threatening to fall at any moment."
precipitate,To hasten the occurrence of,Presipitasi (hujan): Mempercepat proses (mempercepat turunnya masalah).,The assassination of the Archduke helped precipitate the First World War.
precocious,Mature beyond one’s age,Pre-cook: Masak sebelum waktunya (dewasa sebelum waktunya).,The precocious five-year-old was already reading chapter books.
preeminent,"Distinguished, renowned",Pre-Eminem: Rap yang jago seperti Eminem (unggul/terkemuka).,She is considered the preeminent expert on ancient Egyptian history.
prescience,Knowledge of events before they happen,Pre-science: Mengetahui sebelum sains membuktikan (kemampuan melihat masa depan).,"With uncanny prescience, he sold all his stocks right before the market crashed."
presentiment,Impression that something is about to happen,Pre-sentiment: Firasat emosi sebelumnya (firasat buruk).,I had a strange presentiment that the flight would be delayed.
prevaricate,Use ambiguous language to deceive,Pre-fabricate: Memutarbalikkan fakta sebelum bicara (berbohong/berkelit).,"When asked where he was last night, the suspect began to prevaricate."
proclivity,Natural inclination,Pro: Secara natural pro ke suatu hal (kecenderungan).,His proclivity for taking risks makes him a great entrepreneur.
prodigal,Wasteful or lavish,Pro-gagal: Gaya hidup boros bikin pro-gagal/bangkrut (boros/menghamburkan).,The prodigal son spent all his inheritance on luxury cars and parties.
prodigious,Immense,Prodigy: Kemampuan anak ajaib (prodigy) yang luar biasa besar/hebat.,The author wrote a prodigious amount of novels during her lifetime.
prodigy,Person having extraordinary talent,Pro: Anak ajaib yang sangat berbakat.,Mozart was a musical prodigy who began composing at age five.
profound,"Deep, significant",Found: Menemukan makna yang sangat dalam/bermakna.,The book had a profound impact on my understanding of philosophy.
prognosticate,To predict future,Prognosis: Prediksi medis (meramalkan/memprediksi).,Economists use various models to prognosticate future inflation rates.
proliferate,To grow rapidly,Pro-life: Mendukung kehidupan sehingga sel berkembang biak pesat.,Fake news tends to proliferate quickly on social media platforms.
propensity,Natural inclination,Prop: Condong bersandar pada properti (kecenderungan/bakat).,He has a propensity to interrupt people when they are speaking.
prophetic,Ability to predict future,Prophet (Nabi): Punya kemampuan nabi (bersifat meramalkan).,Her warning about the housing bubble bursting proved to be prophetic.
propitious,Presenting favorable conditions,Profit: Situasi yang membawa profit/untung (menguntungkan/tepat waktu).,The sunny weather is a propitious sign for our outdoor festival today.
prosaic,Commonplace or dull,"Prosa: Biasa saja seperti teks prosa, bukan puisi indah (membosankan/biasa).","The instructions were written in a prosaic, straightforward style."
protean,Changeable in shape/form,Protein: Bentuknya selalu berubah menyesuaikan (mudah berubah wujud/serbaguna).,"The protean actor can effortlessly play a hero, a villain, or a fool."
prudence,Cautious wisdom,Prudent (Presiden): Kebijaksanaan seorang pemimpin (bijaksana/hati-hati).,You should exercise prudence when sharing personal information online.
puerile,Childish,Pure: Terlalu murni seperti anak kecil (kekanak-kanakan/konyol).,The students were punished for their puerile prank in the cafeteria.
pugnacious,Quarrelsome or combative,Pug: Anjing pug bertinju (suka berkelahi).,The pugnacious boxer was always ready for a street fight.
pungent,Stinging; sharp taste/smell,Pun: Menusuk hidung (bau tajam/menyengat).,The pungent smell of blue cheese filled the kitchen.
pusillanimous,Cowardly; fainthearted,Pussycat: Kucing penakut (pengecut).,The pusillanimous leader refused to stand up to the bullies.
qualms,Misgivings; uneasy fears,Kalem: Tidak bisa kalem karena ragu/firasat tidak enak.,He had no qualms about cheating on the exam to get a better grade.
quibble,Minor objection,Pebble (kerikil): Protes karena kerikil kecil di sepatu (meributkan hal sepele).,We shouldn't quibble over a few dollars when buying a house.
quiescence,Being quiet or still,Quiet: Keadaan yang tenang/diam/tidak aktif.,"During winter, the bears enter a state of quiescence in their caves."
quintessential,Perfect representation,Inti (essential): Esensi yang paling sempurna (contoh paling sempurna/khas).,New York is the quintessential melting pot of cultures.
quixotic,Idealistic; romantic to ridiculous degree,Don Quixote: Karakter yang terlalu idealis dan tidak realistis.,"His quixotic dream of ending all wars is noble, but highly unrealistic."
recant,Withdraw a statement,"Re-cant (cannot): Menyatakan ""saya tidak jadi/cannot"" (mencabut perkataan/sumpah).",The witness was forced to recant his testimony after video evidence proved him wrong.
recidivism,Tendency toward repeated relapse,Residivis: Penjahat kambuhan (pengulangan kejahatan).,The prison program aims to reduce recidivism by teaching inmates job skills.
recondite,Beyond ordinary knowledge; profound,Kondite: Sulit dimengerti (sangat mendalam/tersembunyi).,The mathematics paper was so recondite that even other professors struggled with it.
redress,Set right by compensation/punishment,Re-dress: Mengganti pakaian kotor dengan yang bersih (memperbaiki/ganti rugi).,The victims sought legal redress for the damages caused by the company.
refutation,Act of disproving,Refute: Bantahan.,The scientist published a strong refutation of the flawed study.
refute,To disprove,Refuse: Menolak dengan bukti (membantah).,She used undeniable facts to refute her opponent's argument in the debate.
repose,State of being at rest,Re-pose: Istirahat berpose (istirahat/ketenangan).,Her face in repose looked completely peaceful and free of worry.
reprobate,Sinful and depraved person,Robot rusak: Harus direparasi karena moralnya rusak (orang bejat/bajingan).,The town drunk was considered an unredeemable reprobate.
repudiate,Refuse to have anything to do with,Reputasi: Menolak demi menjaga reputasi (menolak mengakui/mengingkari).,The company publicly repudiated the racist comments made by its former CEO.
rescind,"Repeal, revoke, or void",Re-send: Pesan ditarik (void) untuk dikirim ulang (mencabut/membatalkan).,The university decided to rescind his admission offer after finding out he cheated.
resilience,Ability to recover,Resilien: Daya lenting/ketahanan.,The city showed great resilience by quickly rebuilding after the earthquake.
respite,Interval of rest,Rest-pit: Pit-stop untuk istirahat (jeda/waktu istirahat).,The cool shade provided a brief respite from the scorching sun.
restive,Impatient or stubborn,Rest-less: Tidak bisa istirahat (gelisah/susah diatur).,The crowd became restive after waiting three hours for the concert to start.
reticent,Reluctant or inclined to silence,Reting (diam): Menutup mulut rapat-rapat (pendiam/enggan bicara).,He is generally reticent about his personal life and rarely shares details.
reverent,Respectful,Reverend (Pendeta): Sangat dihormati (penuh rasa hormat).,The visitors maintained a reverent silence inside the holy temple.
rhetoric,Art of effective communication,Retorika: Seni berbicara.,The politician's empty rhetoric failed to convince the angry voters.
rout,To drive out; stampede,Route (rute): Memaksa musuh kabur lewat rute lain (memukul mundur/mengalahkan telak).,"The home team won the game in a complete rout, 10 to 0."
rueful,Causing sorrow or pity,Regretful: Sangat menyesal/menyedihkan.,"She gave a rueful smile, acknowledging her careless mistake."
ruminate,"To think over, ponder",Ruang (room): Menyendiri di ruang untuk berpikir (merenungkan secara mendalam).,He needed a few days to ruminate on the job offer before making a decision.
sagacious,Wise,Sage (Orang bijak): Sangat bijaksana/cerdas.,The sagacious elder was often consulted for advice by the village leaders.
salacious,Lustful; sexually indecent,Saliva: Bikin ngiler karena hal mesum (cabul/mesum).,The tabloids love to publish salacious gossip about celebrities.
salubrious,Healthful,Salad: Makan salad itu menyehatkan/bermanfaat bagi kesehatan.,"The doctor recommended a salubrious climate, like the seaside, for her recovery."
sanction,Approve; or enact penalty,Sanksi: Bisa berarti persetujuan (resmi) atau hukuman (sanksi).,The UN decided to sanction the country for its aggressive military actions.
sanguine,Cheerfully confident; optimistic,Penguin: Penguin yang selalu riang gembira (sangat optimis/merah merona).,"Despite the setbacks, the coach remained sanguine about the team's chances of winning."
satiate,To satisfy appetite/desire,Sate: Makan sate 50 tusuk membuat sangat kenyang/puas.,He drank a liter of water to satiate his intense thirst.
savor,Enjoy fully,Flavor: Menikmati rasa (flavor) makanan secara utuh (menikmati sepenuhnya).,She ate the expensive chocolate slowly to savor every single bite.
scanty,Scarce in quantity,Sekan (sedikit): Celana dalam (panties) yang kekecilan (terbatas/sedikit sekali).,The scanty evidence was not enough to convict the suspect in court.
secrete,To hide away,Secret: Menyimpan sebagai rahasia/menyembunyikan.,The squirrel secreted its nuts in a hollow tree for the winter.
security,Safety,Sekuriti: Keamanan/keselamatan.,Airport security was heightened after the threat was received.
sedulous,Persistent in effort,Schedule: Selalu menaati jadwal dengan rajin (tekun/rajin).,The sedulous researcher spent ten years developing the new vaccine.
seethe,To be in a state of agitation,Mendidih (Teeth): Menggemeretakkan gigi karena mendidih oleh amarah.,He was seething with anger when he discovered his car had been scratched.
seminal,Influencing future developments,Seminar: Ide dari seminar ini akan berpengaruh besar di masa depan.,Newton's seminal work on gravity changed physics forever.
shard,Fragment,Hard: Kaca yang keras pecah menjadi pecahan beling/fragmen.,A sharp shard of glass pierced his shoe.
shirk,To avoid,Shark (hiu): Menghindar dari hiu (menghindar dari tanggung jawab).,It is cowardly to shirk your responsibilities when things get tough.
shoddy,Not genuine; inferior,Sandal jepit (shod): Pekerjaan ala kadarnya (berkualitas buruk/murahan).,The shoddy craftsmanship caused the table to break within a week.
sinuous,Curving in and out,Sinus (grafik): Grafik sinus bergelombang (berkelok-kelok/liuk).,The sinuous mountain road is dangerous to drive at night.
skeptic,Doubter,Skeptis: Orang yang ragu-ragu.,"As a natural skeptic, he demanded scientific proof for the ghost sightings."
skepticism,Doubt or disbelief,Skeptisisme: Keraguan.,I view his claims of getting rich quick with healthy skepticism.
skittish,Lively; restless,Kitty (anak kucing): Seperti anak kucing yang mudah kaget (gelisah/mudah kaget).,The skittish horse easily got scared by sudden loud noises.
slander,Defamation,Slender (kurus): Difitnah kurus karena hal buruk (fitnah/pencemaran nama baik).,She sued the magazine for slander after they published lies about her.
slothful,"Slow-moving, lazy",Sloth (kungkang): Hewan kukang yang sangat malas dan lamban.,The slothful teenager stayed in bed until 3 PM on weekends.
solecism,Minor mistake in grammar or manners,Selesai: Kata-katanya belum selesai (salah) tata bahasanya (kesalahan tata bahasa/etika).,Wearing white socks with a black tuxedo is considered a fashion solecism.
solicitous,Worried or concerned; eager,Solo: Bertanya ke penyanyi solo dengan penuh perhatian/kecemasan.,The solicitous nurse checked on the recovering patient every hour.
sonorous,"Loud, deep, or resonant",Sound: Suaranya menggelegar/bergema.,"James Earl Jones is famous for his deep, sonorous voice."
soporific,Causing sleep,Sofa: Duduk di sofa yang empuk bikin mengantuk/menyebabkan tidur.,"The heavy meal had a soporific effect, making everyone want to nap."
spate,"Sudden, overwhelming outpouring",Spit: Menyemburkan banyak kata/air sekaligus (banjir/rentetan kejadian).,The city has experienced a spate of car thefts in recent weeks.
specious,Seemingly reasonable but incorrect,"Species: Kelihatannya spesies sama, tapi salah (kelihatannya benar tapi salah).",The diet plan is based on a specious argument that completely ignores biology.
spendthrift,Someone who wastes money,Spend: Orang yang suka membelanjakan (spend) uang (boros).,The spendthrift heir went completely broke within five years of inheriting the fortune.
spurious,Not genuine,Spur (palsu): Barang palsu (tidak asli/palsu).,"The painting was proved to be a spurious copy, not an original Picasso."
stentorian,Extremely loud,Tenda (tent): Suara yang merobek tenda karena sangat keras/menggelegar.,The principal's stentorian voice commanded immediate silence in the auditorium.
stigma,Token of disgrace,Stigma: Noda/cap buruk.,There is still a stigma attached to seeking help for mental health issues.
stint,Period of time (noun); to be thrifty (verb),Tint: Memakai tinta sedikit saja (menghemat / periode tugas).,"After a brief stint as a waiter, he found a job in finance."
stipulate,Make specific conditions,Tipe: Menentukan tipe syarat tertentu (menentukan syarat).,The contract stipulates that the rent must be paid on the first of every month.
stoic,Lacking emotional response,Batu (stone): Berwajah batu saat menderita (tabah/tanpa emosi).,The soldier maintained a stoic expression while his wound was being stitched.
stolid,Dull; impassive,Solid: Kaku seperti benda padat (kaku/tidak mudah goyah emosinya).,His stolid demeanor made it impossible to tell if he was happy or sad.
stratify,Form or place in layers,Strata: Membagi dalam kelas/strata (berlapis-lapis).,Sociologists often stratify society by income levels.
striated,Marked with parallel bands,Strip: Ada garis-garis bergaris (bergaris-garis/lurik).,The canyon walls are beautifully striated with different colors of rock.
strut,A pompous walk,Street: Berjalan sombong di jalanan (street) (berjalan dengan angkuh).,"The peacock strutted around the garden, showing off its colorful feathers."
sublime,Supreme or outstanding; elevated,Sub-lime: Luar biasa indahnya (agung/mulia).,The orchestra's performance of Beethoven's Ninth Symphony was absolutely sublime.
subterfuge,Evasion,Sub-tube: Lari lewat lorong bawah tanah (akal bulus/tipu daya untuk sembunyi).,The spies used subterfuge to smuggle the documents out of the country.
supercilious,Showing careless contempt; arrogant,Super konyol: Menganggap orang lain konyol karena dia sangat sombong/merendahkan.,The supercilious clerk rolled her eyes when I asked for a discount.
superfluous,More than what’s needed,Super flow: Air yang mengalir (flow) luber-luber (berlebihan/tidak perlu).,The extra decorations on the cake were pretty but entirely superfluous.
supersede,To replace or supplant,Super seat: Mengambil kursi utama (menggantikan/menggeser).,The new smartphone will supersede the older model next month.
supine,Lying on one’s back face upward,Spine (tulang belakang): Tidur di atas tulang belakang (terlentang/pasif).,"He lay supine on the beach towel, staring up at the clouds."
sybarite,Person devoted to luxury and pleasure,Bar: Menghabiskan waktu di bar (pemuja kemewahan/hedonis).,The wealthy sybarite spent his days lounging by the pool drinking champagne.
sycophant,"Self-seeking, servile flatterer",Psycho fan: Penggemar gila yang suka menjilat (penjilat).,The sycophant agreed with every terrible idea the boss suggested just to get promoted.
tacit,Understood,Tas: Mengambil tas berarti bersiap pergi tanpa bicara (dipahami tanpa kata/tersirat).,They had a tacit understanding that they would split the profits equally.
taciturn,Stern; silent,Turn (berpaling): Berpaling diam (pendiam/irit bicara).,The taciturn old farmer preferred the company of his animals to people.
tangential,Only slightly connected or related,Tangen: Cuma menyinggung garis luar (hanya sedikit berkaitan/menyinggung).,His long story was only tangentially related to the main topic of the meeting.
tantamount,Equivalent in significance,Tenda mountain: Tingginya sama dengan gunung (sama dengan/setara).,Leaving the scene of the accident was tantamount to admitting guilt.
tawdry,"Showy, in a cheap way",Laundry: Baju murahan yang luntur di laundry (mencolok tapi murahan).,"She wore a tawdry costume covered in cheap, fake diamonds."
temerity,Recklessness,"Timer: Tidak peduli timer bom, sangat nekat/gegabah.",I can't believe he had the temerity to ask for my car keys after crashing his own.
tempestuous,Stormy; impassioned,Tempest (badai): Emosi yang bergejolak seperti badai.,Their tempestuous relationship was filled with screaming matches and passionate makeups.
tenacious,Holding fast,Ten nails: Mencengkeram kuat dengan sepuluh kuku (gigih/bersikeras).,The tenacious detective refused to give up on the cold case.
tendentious,Having a definite tendency or bias,Tendensi: Memiliki tendensi atau bias/berpihak.,The tendentious documentary clearly pushed a political agenda while ignoring contrary facts.
tenuous,Thin; slim,Ten (sepuluh): Benang ukuran sepuluh sangat tipis/lemah.,The connection between the two crimes is tenuous at best.
tepid,Lukewarm,Teh: Teh yang sudah didiamkan lama jadi suam-suam kuku/kurang antusias.,The movie received only a tepid response from the critics.
thrall,State of being enslaved,Trawl (jaring): Tertangkap di jaring (diperbudak/ditawan).,The audience was completely in thrall to the magician's stunning performance.
thwart,To frustrate,War (perang): Menggagalkan perang (menghalangi/menggagalkan).,The police managed to thwart the bank robbery before anyone was hurt.
tilt,"To lean forward, as if to attack",Tilt: Miring/condong.,Don't tilt the glass too much or the water will spill.
timidity,Lacking in self-assurance,Timid: Sifat rasa malu/penakut.,His timidity prevented him from asking the girl to dance.
tirade,"Long, passionate speech against something",Tired (lelah): Membuat telinga lelah karena omelan panjang.,The coach launched into an aggressive tirade after the team's lazy performance.
titillate,To excite or arouse,Tickle (menggelitik): Menggelitik untuk membangkitkan gairah/menggairahkan.,The thriller novel is designed to titillate readers with suspense and romance.
titular,Holding a position in name only,Title (gelar): Cuma punya gelar tapi tak ada kuasa (pemimpin nominal/formalitas).,"The Queen is the titular head of state, but the Prime Minister holds the real power."
torpid,Dull; sluggish; inactive,Torpedo: Torpedo yang gagal meluncur karena lamban/mati rasa.,"The hot, humid afternoon made everyone feel sluggish and torpid."
tortuous,Abounding in irregular bends,Torture (siksaan): Jalannya berliku-liku bikin tersiksa (berbelit-belit/penuh liku).,The tortuous mountain trail took five hours to navigate.
tractable,Docile; easily controlled,Traktor: Mudah disetir seperti traktor (patuh/mudah diatur).,The new software is highly tractable and easy to customize for our needs.
transgression,Violation; sin,Trans (lewat) + garis: Melewati batas (pelanggaran/dosa).,His transgression of the school rules resulted in a one-week suspension.
transience,Temporary state,Transit: Cuma mampir sebentar (sementara/fana).,The cherry blossoms are loved precisely because of their beautiful transience.
transmute,To change,Mutasi: Mengubah bentuk/sifat.,The alchemist believed he could transmute lead into gold.
transparent,Easily detected,Transparan: Tembus pandang/jelas.,The company's hiring process is entirely transparent and fair.
transpire,"To happen, to be revealed",Inspirasi turun: Terjadi dan terungkap (terjadi/bocor rahasianya).,It later transpired that the CEO had known about the fraud all along.
trepidation,Nervous feeling; fear,Trap (perangkap): Takut masuk perangkap (ketakutan/kegelisahan).,She walked into the haunted house with a great deal of trepidation.
truculence,Ferocity,Truk: Tabrakan truk yang sangat garang (keganasan).,The criminal's truculence made him a danger to the prison guards.
truculent,"Harsh, brutal",Truk: Sopir truk yang brutal/kasar dan suka melawan.,The truculent teenager argued with everyone who tried to help him.
turgid,"Inflated, pompous; swollen",Target: Bicaranya membesar-besarkan target (bengkak/muluk-muluk).,The author's turgid writing style made the novel incredibly boring to read.
tutelage,Act of training,Tutor: Berada di bawah asuhan tutor (bimbingan/pengawasan).,"Under the wise tutelage of her mentor, she became an expert pianist."
tyro,"Beginner, novice",Try: Orang yang baru mencoba (pemula).,"As a tyro in the world of investing, he bought books to learn the basics."
ubiquitous,Present everywhere,Ubi: Tukang ubi goreng ada di mana-mana (ada di mana-mana).,Smartphones have become ubiquitous in modern society.
umbrage,Sense of having been injured,Umbrella: Tersinggung karena tak diberi payung saat hujan (rasa tersinggung).,She took umbrage at his sarcastic comment about her dress.
unassuaged,Not soothed or relieved,Un (tidak) + assoy: Perasaannya tidak assoy/belum lega (belum reda/belum terpuaskan).,His guilt remained unassuaged despite his repeated apologies.
uncouth,Clumsy; rude,"Un-cute: Sikapnya tidak imut sama sekali, sangat kasar/kampungan.",Chewing with your mouth open is generally considered uncouth behavior.
undermine,To weaken or derail,Under + mine: Menggali ranjau di bawah fondasi (melemahkan diam-diam).,The constant criticism began to undermine her confidence.
unerringly,Without fail,Un-error: Tanpa error (tanpa salah/tepat sasaran).,The bloodhound unerringly followed the scent of the missing hiker.
ungainly,Awkward; clumsy,Un-gain: Sulit mendapat keuntungan karena gerakannya canggung/kikuk.,The baby giraffe was ungainly as it tried to take its first wobbly steps.
unison,Complete accord,Soni (suara): Suara yang sama bulat (serempak/kesepakatan).,The choir sang the final notes in perfect unison.
unruly,Disobedient,Un-rule: Tidak mematuhi aturan (bandel/sulit diatur).,The teacher struggled to control the unruly class of first-graders.
untenable,Indefensible,Un-tent: Tenda yang tak bisa menahan badai (tidak dapat dipertahankan/alasan lemah).,His argument became untenable after the new evidence was revealed.
upbraid,To reproach as deserving blame,Up + braid: Menarik kepang rambutnya ke atas sambil memarahinya (memarahi keras/mencela).,The general upbraided his soldiers for their sloppy uniforms.
urbanity,Refined courtesy or politeness,Urban (kota): Bersikap sopan santun ala orang kota besar (kesopanan/kehalusan budi).,The diplomat handled the delicate situation with great urbanity and charm.
vacillate,To waver; to fluctuate,Fosil: Bergetar bimbang apakah ini fosil atau bukan (bimbang/ragu-ragu).,She vacillated between ordering the steak and the seafood for ten minutes.
vagabond,Wanderer,Vagabond: Pengembara/gelandangan.,"The vagabond wandered from town to town, sleeping wherever he could."
vainglorious,Excessive; pretentious,Vain (sia-sia) + glory: Membanggakan kejayaan yang sia-sia (sangat sombong/angkuh).,The vainglorious actor demanded a mirror in every room of his trailer.
valorous,Courageous,Valor (berani): Pahlawan yang gagah berani.,The knight was awarded a medal for his valorous deeds in battle.
vantage,Position giving advantage,Advantage: Posisi yang memberi keuntungan strategis.,"From our vantage point on the hill, we could see the entire valley."
vapid,Having lost quality and flavor; dull,Vapor (uap): Rasanya menguap hilang (hambar/membosankan).,The reality TV show was filled with vapid conversations about shopping.
variegated,Many-colored,Variasi: Beragam warnanya (beraneka ragam/belang-belang).,The garden was filled with variegated flowers in every color of the rainbow.
vehement,Forceful,Helm: Melempar helm dengan kuat karena marah (penuh semangat/keras/hebat).,He issued a vehement denial of the corruption charges.
veneer,Thin covering to improve appearance,Veneer (gigi): Lapisan tipis di gigi agar bagus (lapisan penutup luar/kedok).,"Behind his veneer of politeness, he is actually very cruel."
venerate,To look upon with deep respect,Veteran: Menghormati veteran perang (sangat menghormati/memuja).,"In many cultures, it is customary to venerate one's ancestors."
veracious,Truthful,Verify: Sesuatu yang bisa diverifikasi itu jujur/benar.,The veracious witness told exactly what happened without omitting any details.
verbiage,Use of many words,Verb: Terlalu banyak kata kerja/bertele-tele (berlebihan kata).,The legal contract was full of unnecessary verbiage that confused the clients.
verbose,Wordy,Verbal boss: Bos yang ngomongnya panjang lebar (bertele-tele/banyak omong).,The verbose speaker took an hour to explain a five-minute topic.
vestigial,Occurring as a rudimentary structure,Vest (baju sisa): Sisa-sisa evolusi organ (sisa/meninggalkan jejak evolusi).,The human appendix is considered a vestigial organ with no clear function.
viable,Capable of living or succeeding,Via: Bisa lewat jalan (via) ini (bisa hidup/dapat dilaksanakan).,Solar power is becoming a highly viable alternative to fossil fuels.
vicissitude,Change of condition or circumstances,Visi: Visi hidup yang terus berubah (perubahan nasib/pasang surut).,The vicissitudes of life can turn a rich man into a beggar overnight.
vigor,Strength; stamina; power,Figur: Punya figur tubuh yang kuat (stamina/semangat/tenaga).,"Despite his old age, he exercises with the vigor of a twenty-year-old."
virtuosity,Character or ability of an expert,Virtuoso: Keahlian tingkat dewa dalam seni (keahlian teknis tingkat tinggi).,The violinist played the incredibly complex piece with flawless virtuosity.
virulence,Intense sharpness of anger; intensity,Virus: Jahat dan menyebar seperti virus (keganasan/kebencian hebat).,The virulence of the new virus strain alarmed health officials.
visage,"Face, especially features/expression",Vision: Wajah yang masuk dalam penglihatan (wajah/paras/raut muka).,The weary traveler's visage showed the harshness of his long journey.
viscous,Sticky; gluey,Viskositas: Sifat cairan kental (kental/lengket).,Honey and syrup are examples of highly viscous liquids.
vituperate,Overwhelm with wordy abuse,Pit viper: Mulut berbisa bagai ular viper (mencaci maki dengan kasar).,The angry coach vituperated the referee for the terrible penalty call.
vociferous,Making a loud outcry,Voice: Suara berisik dan lantang (berisik/bersuara keras menuntut).,The union workers were vociferous in their demands for higher pay.
volatile,Changeable; explosive,Volatil: Mudah menguap/meledak (mudah berubah/meledak-ledak).,The stock market can be highly volatile during election years.
volition,Willful choice or decision,Volunteer: Melakukan dengan kehendak sendiri (kemauan/pilihan sadar).,"She left the company of her own volition, nobody forced her to resign."
voluble,Fluent; talkative,Volume: Volume suaranya diputar terus (fasih/banyak bicara).,The voluble host kept the party lively with endless stories and jokes.
warranted,Justified,Surat perintah (warrant): Memiliki dasar surat yang benar (dibenarkan/dijamin).,The police use of force was not warranted in such a minor situation.
wary,Very cautious,Awas (beware): Sangat waspada/berhati-hati.,You should be wary of emails asking for your banking password.
welter,Turmoil (noun); to roll/toss (verb),Water: Tergulung ombak air besar (kekacauan/bergulingan).,The suspect's story was a welter of confusing lies and contradictions.
whet,To sharpen or stimulate,Wet (basah): Membasahi batu asahan untuk menajamkan pisau (mengasah/merangsang).,The delicious smell of garlic bread helped to whet my appetite.
whimsical,Fanciful,Whim: Berdasar iseng belaka (lucu/aneh/banyak tingkah).,The author writes whimsical children's stories about talking animals.
whorl,Circular or spiral arrangement,Whirl (berputar): Putaran badai (susunan melingkar/spiral).,The fingerprints on the glass showed a distinct pattern of whorls.
winsome,Attractive; charming,Win some (hati): Memenangkan hati banyak orang (sangat menarik/menawan).,The little girl's winsome smile won over the grumpy old man.
wreak,Inflict,Wreck (hancur): Menyebabkan kehancuran (menimpakan hukuman/bencana).,The hurricane is expected to wreak absolute havoc on the coastal towns.
writhe,Twist,Ring: Berputar melilit seperti cincin (menggeliat kesakitan).,"The player fell to the ground, writhing in pain after the tackle."
yore,Time past,Years: Tahun-tahun yang lama berlalu (zaman dahulu).,"In days of yore, knights fought dragons to save princesses."
zealot,Fanatic,Zeal (semangat): Orang yang terlalu semangat (orang yang sangat fanatik).,The political zealot refused to listen to anyone who disagreed with him.
zeitgeist,Intellectual and moral tendencies of age,Time (zeit) + ghost (geist): Roh/semangat zaman (semangat sebuah zaman/tren era).,The novel perfectly captured the rebellious zeitgeist of the 1960s.